<?xml version="1.0" encoding="UTF-8" ?>
<!DOCTYPE mapper
        PUBLIC "-//mybatis.org//DTD Mapper 3.0//EN"
        "http://mybatis.org/dtd/mybatis-3-mapper.dtd">
<mapper namespace="com.example.hotel_manage.Mapper.RoomMapper">
    <update id="update">
        update employee
        <set>
            <if test="name != null and name != ''">
                name = #{name},
            </if>
            <if test="password != null and password != ''">
                password = #{password},
            </if>
            <if test="type != null and type != ''">
                type = #{type},
            </if>
            <if test="gender != null">
                gender = #{gender},
            </if>
            <if test="phoneNumber != null">
                phone_number = #{phoneNumber},
            </if>
            <if test="username != null">
                username = #{username},
            </if>
            <if test="updateTime != null">
                update_time = #{updateTime}
            </if>
        </set>
        where employee_id = #{employeeId}
    </update>
</mapper>